user2@ericloadtest.com,nWvHEm4mnh
user3@ericloadtest.com,hIXWnVc7V1
user4@ericloadtest.com,PIZiysFxB1
user5@ericloadtest.com,9fBOmSSWJT
user6@ericloadtest.com,CZZBnTA87I
user7@ericloadtest.com,DHIb3h7DT7
user8@ericloadtest.com,VvtXQ6XlU5
user9@ericloadtest.com,nN0nanB907
user10@ericloadtest.com,rsKSrzAMt0
user11@ericloadtest.com,JBDCW0ld4k
user12@ericloadtest.com,OSWKV38AmG
user13@ericloadtest.com,hNnZwLnDVy
user14@ericloadtest.com,kI8nYMVy3K
user15@ericloadtest.com,cKUjISQW4c
user16@ericloadtest.com,5gzTWjY6fC
user17@ericloadtest.com,ioPkdnxpar
user18@ericloadtest.com,H7QZE4DgTR
user19@ericloadtest.com,TDnzDP0r4l
user20@ericloadtest.com,YvByUJpEiT
